{
    "name": "root",
    "gauges": {
        "3DBall.Policy.Entropy.mean": {
            "value": 0.35677701234817505,
            "min": 0.35661664605140686,
            "max": 0.4229036271572113,
            "count": 643
        },
        "3DBall.Policy.Entropy.sum": {
            "value": 3602.734375,
            "min": 1159.1683349609375,
            "max": 10224.1279296875,
            "count": 643
        },
        "3DBall.Environment.EpisodeLength.mean": {
            "value": 951.875,
            "min": 469.3888888888889,
            "max": 1250.5,
            "count": 643
        },
        "3DBall.Environment.EpisodeLength.sum": {
            "value": 15230.0,
            "min": 2348.0,
            "max": 21694.0,
            "count": 643
        },
        "3DBall.Step.mean": {
            "value": 15851426.0,
            "min": 8147262.0,
            "max": 15851426.0,
            "count": 643
        },
        "3DBall.Step.sum": {
            "value": 15851426.0,
            "min": 8147262.0,
            "max": 15851426.0,
            "count": 643
        },
        "3DBall.Policy.ExtrinsicValueEstimate.mean": {
            "value": 40.77397155761719,
            "min": 37.08332061767578,
            "max": 45.437740325927734,
            "count": 643
        },
        "3DBall.Policy.ExtrinsicValueEstimate.sum": {
            "value": 897.0274047851562,
            "min": 587.9180297851562,
            "max": 1255.2154541015625,
            "count": 643
        },
        "3DBall.Environment.CumulativeReward.mean": {
            "value": 468.99340315163136,
            "min": 222.2464191118876,
            "max": 613.7050850608132,
            "count": 643
        },
        "3DBall.Environment.CumulativeReward.sum": {
            "value": 7503.894450426102,
            "min": 1767.7732696533203,
            "max": 10359.279122591019,
            "count": 643
        },
        "3DBall.Policy.ExtrinsicReward.mean": {
            "value": 468.99340315163136,
            "min": 222.2464191118876,
            "max": 613.7050850608132,
            "count": 643
        },
        "3DBall.Policy.ExtrinsicReward.sum": {
            "value": 7503.894450426102,
            "min": 1767.7732696533203,
            "max": 10359.279122591019,
            "count": 643
        },
        "3DBall.IsTraining.mean": {
            "value": 0.0,
            "min": 0.0,
            "max": 1.0,
            "count": 643
        },
        "3DBall.IsTraining.sum": {
            "value": 0.0,
            "min": 0.0,
            "max": 1.0,
            "count": 643
        },
        "3DBall.Losses.PolicyLoss.mean": {
            "value": 0.09743945451898672,
            "min": 0.0936020833431043,
            "max": 0.10611714102218256,
            "count": 148
        },
        "3DBall.Losses.PolicyLoss.sum": {
            "value": 0.09743945451898672,
            "min": 0.0936020833431043,
            "max": 0.10611714102218256,
            "count": 148
        },
        "3DBall.Losses.ValueLoss.mean": {
            "value": 67.97677677214458,
            "min": 48.34599923675748,
            "max": 104.49090274908603,
            "count": 148
        },
        "3DBall.Losses.ValueLoss.sum": {
            "value": 67.97677677214458,
            "min": 48.34599923675748,
            "max": 104.49090274908603,
            "count": 148
        },
        "3DBall.Policy.LearningRate.mean": {
            "value": 2.1099993000004346e-08,
            "min": 2.1099993000004346e-08,
            "max": 5.5437351520909994e-05,
            "count": 148
        },
        "3DBall.Policy.LearningRate.sum": {
            "value": 2.1099993000004346e-08,
            "min": 2.1099993000004346e-08,
            "max": 5.5437351520909994e-05,
            "count": 148
        },
        "3DBall.Policy.Epsilon.mean": {
            "value": 0.10000699999999998,
            "min": 0.10000699999999998,
            "max": 0.11847909000000004,
            "count": 148
        },
        "3DBall.Policy.Epsilon.sum": {
            "value": 0.10000699999999998,
            "min": 0.10000699999999998,
            "max": 0.11847909000000004,
            "count": 148
        },
        "3DBall.Policy.Beta.mean": {
            "value": 1.0069300000000017e-05,
            "min": 1.0069300000000017e-05,
            "max": 0.00019294299099999993,
            "count": 148
        },
        "3DBall.Policy.Beta.sum": {
            "value": 1.0069300000000017e-05,
            "min": 1.0069300000000017e-05,
            "max": 0.00019294299099999993,
            "count": 148
        },
        "AUI.Policy.Entropy.mean": {
            "value": 0.0714082345366478,
            "min": 0.06882395595312119,
            "max": 0.09536372870206833,
            "count": 208
        },
        "AUI.Policy.Entropy.sum": {
            "value": 913.0971069335938,
            "min": 739.216064453125,
            "max": 1353.6483154296875,
            "count": 208
        },
        "AUI.Environment.EpisodeLength.mean": {
            "value": 642.4736842105264,
            "min": 419.6842105263158,
            "max": 771.0625,
            "count": 208
        },
        "AUI.Environment.EpisodeLength.sum": {
            "value": 12207.0,
            "min": 7974.0,
            "max": 12762.0,
            "count": 208
        },
        "AUI.Step.mean": {
            "value": 4991571.0,
            "min": 2507694.0,
            "max": 4991571.0,
            "count": 208
        },
        "AUI.Step.sum": {
            "value": 4991571.0,
            "min": 2507694.0,
            "max": 4991571.0,
            "count": 208
        },
        "AUI.Policy.ExtrinsicValueEstimate.mean": {
            "value": 14.31640338897705,
            "min": 12.334187507629395,
            "max": 15.406098365783691,
            "count": 208
        },
        "AUI.Policy.ExtrinsicValueEstimate.sum": {
            "value": 272.01165771484375,
            "min": 216.2518768310547,
            "max": 366.9733581542969,
            "count": 208
        },
        "AUI.Environment.CumulativeReward.mean": {
            "value": 109.2683488444278,
            "min": 68.15707677602768,
            "max": 131.75673268636066,
            "count": 208
        },
        "AUI.Environment.CumulativeReward.sum": {
            "value": 2076.0986280441284,
            "min": 1226.8273819684982,
            "max": 2170.008521080017,
            "count": 208
        },
        "AUI.Policy.ExtrinsicReward.mean": {
            "value": 109.2683488444278,
            "min": 68.15707677602768,
            "max": 131.75673268636066,
            "count": 208
        },
        "AUI.Policy.ExtrinsicReward.sum": {
            "value": 2076.0986280441284,
            "min": 1226.8273819684982,
            "max": 2170.008521080017,
            "count": 208
        },
        "AUI.IsTraining.mean": {
            "value": 1.0,
            "min": 1.0,
            "max": 1.0,
            "count": 208
        },
        "AUI.IsTraining.sum": {
            "value": 1.0,
            "min": 1.0,
            "max": 1.0,
            "count": 208
        },
        "AUI.Losses.PolicyLoss.mean": {
            "value": 0.10383035507792435,
            "min": 0.07226366459467144,
            "max": 0.10836493827434432,
            "count": 201
        },
        "AUI.Losses.PolicyLoss.sum": {
            "value": 0.10383035507792435,
            "min": 0.07226366459467144,
            "max": 0.10836493827434432,
            "count": 201
        },
        "AUI.Losses.ValueLoss.mean": {
            "value": 3.640765344359211,
            "min": 2.1116067739203572,
            "max": 8.386699734216041,
            "count": 201
        },
        "AUI.Losses.ValueLoss.sum": {
            "value": 3.640765344359211,
            "min": 2.1116067739203572,
            "max": 8.386699734216041,
            "count": 201
        },